fixed_wsi,float_wsi
62189fea3b674fbfae615517bbc319aa,dedad828c2764b5ab9b0d0561ec03f7a
cdc26b4bc2534d70a55618d6b3209e0d,adcdcc03a7aa4b76a37d6dcd16ecd0ce
73c44378ff844fbab7ac62c5c5c36e3d,1ce35db34cdc48de9429a771f9f5dead
214048be30ab438396ba35383bcf6d6c,cea97ea039904d9083ac01ead3a8660e
159aef4b29fb46e380e83d8cb7a83df8,44afc496192d41029b46f108d55f2f04
89ab9722cd054552bf7aa894fa5f6d62,3ea24b2fcc0b4742816b4687785e5d64
38640f22236648bb91dd7aa177105678,935ccd4318634a50be41bb03077b67ed
71b6dd8e1a164b2ca498b23df028d806,af6131d7ffb94befbf23f43a9b143384
cf778b4e1cbd4181b511d33946bd6b58,c0eb0589752b443b8c76a386c6de8218
bbca9ea784174bd4abe25084c07f425d,f45d53a258cc433192ef2c7111b0c196
0e9ef946337e4979a4958ca2982bb0bf,5c08da128a5a44699f2d80cfbea98a72
c366909a3f104bc7a27da19ac012b05b,e3974d561c0f4e3b9a01965bae8bccba
5bf6b0cf7e874c45a6def5e5360aae64,89b396a5347645b688cd05785b12ae18
ea6451dcb159477d88c031fcfed8eea2,3617680bd0c34afbb095f1e48fb2f304
42bd6da4c0194d8ab2c1552b2ae39743,00f036af022b4eb8b40f0901d9ed49ea
35f42c813fb84dd59a7503bcc691d501,678753d4ccb94b369b7c5da2a17aa559
28b68358e31c48c79202c7ede60ed933,a42faf7ce0c54c91932895d75d5dd569
36b312f9a0244577a1ec7ac8b4fe91cb,c19f0456a8004131995ab7ee6ec5f525
46eba355e7844eeb94d828f9607aa3d5,3e74ec56374f491dbe3fabde34284de4
88542663f02f488eb7fbd3e5045feb26,aae835d8a8484a03afd2b2ee8db48495
a4ae2551b4b34786b3853f9607bfc55d,9b5f1483600c45e5956035c8149538c5
6b6799a63c694fe088164d4f74e488fa,f261e2bb30884f6eb0ada9a4f70d2e22
446f8361e2d84878a63bc0039cb01271,8c221b9df941475cb55f6215b7fc0fca
65f006798776407b925b0982ca527ffa,91a8f205536a426694a02f7b16121f68
ba94e815565a47499a642934500d5804,87236567d9554c5b8650f6a1073c76f7
c32b3f00a426453989738132f2216878,3290fc94ed514b69836d8735ea238686
b9023ae9894d4ab2bf7f722206ab6445,f1cb62e050fa47cdbe5d3ea8cb5aa6e6
79e80632b7b74fa2b21a5c78220f2e1f,c86845114b0145f39ebdefed2930d723
3d4e2f7144c74bccb91f72de7f0ac5a8,aae71df03a504f8c85988dca408b65a4
3aad83cfa3b941ae8c1dd5654e105dac,469f96f317ca4dd4bedbd7c6673b0ddb
696f0c448c9c4460b5454881a5fc33da,90004372fffd4e6482796a44761e7b60
8a85de859ffc4ec8bec42d5f61894774,7655268a85ed479599516e1db42103ee
697e7d8c5cf34d53bb27e8988e8ef922,615b99c448f541f6b43d05476b6cd96c
7d531143619043cdabac57d2cd969642,992b5a1764d7493d9e32d08621688871
2232c2a9718743218559e87154e7eba6,9abd2c5a402b4715a15c0710c86d382f
0ef792863a9f45f6ab7be4adeebdca04,61f76be05d124720b865ad6cbcc3b924
20e231d46ed143f59aa2e7f2e8fb87c9,bd64c5bd4baa422b8693c49726126ede
67ba04bb59274ee89a2b2fe77c0b56c5,bad4e70d949d4c4788c7c6fe12ce71a4
5de055d1bd1e48c49e122d8cb8516b3b,8b353e6c4a0b43d5b68b48f612c99571
bd0673cc545941539f6bd0d237ecf7e4,c5752a1e97bf444e814e5d21008c8ce4
45897e4ccb884e3687c859f97b843fbb,8e5f1e37e9f043a3872328f883cc9aa3
89c9dae941b34a0bb743f0d48d1e0238,c9e361256d4a40d08ecb43d367d2a4f6
dd0b146b8d894282ad075f6d2c2ac735,59d94e42b35c4b439703c7dfa18a0791
aebfe41ae8ce4d2595efb3debb8b4273,9eacb7eaafaf477a882d68987921a553
490ae2ce39e64a29a1d58aa1f865d25f,1bcccdc789364afdade24a75ffa4cb0e
34957f1cbe814b51a98d8423631e52fc,8cb7ea911e4f48a7a6327a9a0d3c425b
9d0067a30819421ba187180ed3d80c17,f2fef4d313d043dd8e4d39faceeb04b3
c5fab3270e7b4763b6c1a33bf4a467ba,76c49869d4a2499b84daf05455f2179b
4bab2af2e6f24871bdda065963d2bf19,10bec1cef34946ea9837b4b146d235b5
c813f30fb1ea416ca56d3b1b34d37790,3934eb53c5554ceba63feba71cda521b
7e2e7a21d879480b8e5d358c45d363a1,5df191602d554233840addcd7c070646
414bfd4b44aa46599df0a755422fad29,fe95facdac1b425b8c8136353ac88628
2a93a7a29ab84313ab862e8a3aa2724d,cd2b14151ad042d4a365ccadc55c17c0
3fcfdb37c61d4caeadb92db13c068d57,976f6907414243309b4cf31e856296ca
13b39f3f5eb7415e87365e745ec3917d,55d4316adc9f4fc6bac3d68d360f2c16
760ad7b41ec74775ace76d7b0c1c067b,bd1cfe28d0ab4f96ae500bf65f289eb5
a0e53609686a4ae9a824d9525641dc56,0214107f3e6440caa558d39d86ab4de5
9b6d312e38d94ac7bb7fa7d065263f6d,3313bf73cb34443a9be6458ed6e99326
881969e78a8b45f89e909623667d3d43,3beddec1452f441e896e318ffff9d126
67396f746f304e5c93fbbb9063d56cd3,b07260cb58974067bf975b2291b02c8e
58a7c40a3dfb47d6926b5b00f1469f6b,46b3fcd5f6444cec8d2df3a5c0d743fa
de62d1ae878d467395f0937911100190,9432bc3ebca4446fa72b2f74192c825a
11cc8f9e462a4bd7955e9727821d18fa,56377f23228d44b39302d02f80b17228
401d74598d6147a3a27f9bac5a9d5554,b2b177c5941844cab6ddec9fe1768b6c
37d24ccd650846ea8deb4f4efe6bf271,e76da6551f234d539f6d4471af6c3524
bdfb3780955948c1ae7b460a7055acc2,f4ef0f6b54df440b8f78efdf2383b055
54d9f577b60e4017bd0f304a37ef3c0b,bc27e1760c6840e4a7c792084e63b627
68bf022a548a413f8e6abc6f954fe4ec,ee76974b0f3f4c0698f6791835860793
6364b26a920041859bf85b916ab0a88e,755c7375d23e4671bf010db9942de6b1
76d78366593e404187d9caa3148cd8bf,a3a34432d6eb401392cb13b471b22c25
09b21693edce438d9e398ce1153cface,6735d715f9834dd0b9aae7042babf82a
60c19e4e8b4b47ef9e68983dd45480ec,cad23a612094435e90662d2ca2addff6
dd9b478b20504920ad1bbdbd1c081056,e409b537a8ce4cd9ae5982d1097d8038
34671d2866b44b61b99b192873f41b36,e5321078f2eb4d4690e0ccf171fd2aaf
25c9195253034af3a2636259a897e670,51b48c0067fc4680a75a00f294b1fd22
287e5e714a5c4fce8eea748f1d2f2832,ad073a1a8c2c4d4fa02b507a6dd2e37f
a27a93c6d303412f881e17c01a007817,955684eda3a5471fbedf67107907061e
de46d41fd48749de85e12c7e327ec6d9,84885ab3d67841fa99bb582d2a2e691c
0fd2127a83e0465aaac50426ea6bcfc8,9e29a87c76014b53b9c2353a783d83ad
a213de4c180a4b4598c255c57f772ca4,b250da4dd2a04608b554cc971f497b2d
26f60d33ef2842f29e4444f3f7571133,1910960643164a028ea1d7709450754a
076c78ddc5b141549f9859a0b2b7f54f,875fb2d177c2403084d17759ff2f851d
ab69ea55137847c9a24ade0558c66040,a4bf91a4b01641a7a1f749162b3933f1
12b878739ba44821a9b71645ff76ac61,8718f92f1105480db720a5db3af3e29e
15b9ebf0a8044ed6ae7413f878089229,14f858543c0044f5b242a943561a3f49
e522b2caf46443438841b0e6c84a5499,ce8870f961b94753b083a1cb066e49a1
0284df67029048f2b7954c43ce6f11ee,a37cf000754c488489fe66b257552280
a2d80b937aaf4cb685e9c3158b7a2177,76abe991d66243d79837a91c2ec6cfe4
4bb9930c73ea4426bfe59c6905068644,36072ea450164849a527c1c4db718435
e4a5995f3f304dd695a27c912e45351c,23dc788ccdae4b2ca2cbac1aea280429
5634968510f249228d99354d63e14ac4,139256c6594c4fcebfb87c97ee3d3a9c
765e49ba8e7c49bd8add4f813447a055,c00425a46792490f9835955b028297c3
71d80bf503c148f7adcddee9a87f0628,8bbbb49dddab43638bc76eca06056b23
d03dc7483a56420e85a35abbacd5667f,e895013416af4c318e485975b279d5de
20cd4e97829e4260b45d89fc3e75065c,202a4259c9c94bc99fbce2c53ffc708e
8e862defab714a8b8281821731b428b0,1c950ccc27e54ed0b17cede96efdfd78
7f9170494968404eb26dc6a77bb80458,8a8cab61242e42deab6efb2fadd6a705
23cbb907d7d748a5b836a33a3749bfb4,6409f9321fca42a2b650f00246ac16ba
db93f82dc28a4db788d656d5001cf8be,a29534396ac74b43a7aebefdfec00d62
9ea241abe9874b4cab5b53bc91d1cbdc,9b59b42fe5534ea78dd66a37c2fd0708
9bfa57040082404cb365410a6106cbee,8fd795b8366a4640b57782e721f60101
22417023f26f4a47bbd7be4eda6cf291,a589ab51e94b49c9aca105bc619d6835
87eff6bcdaa94c9f9904f98ac394042b,91160cabb49f425980cab85f5e8aaa94
c730e6404ff14442ace4a5eb329fc7ea,1535589e0385445faa21f16c5f0c31fd
dd8b9e7f9f2c4bf796a2462fa2975f5b,ba92b6456641402a9b231793ade167ec
cbd8d0876730480b8cb4f5f4a352c4a0,cd397690e14a41c984cd3bfca0267a40
0bb0bef3e25a47fd84c8ced224f76406,d33dfbd84ca7403a9c998239a4e61558
8eb1e764b392403d9c427a12803c0149,b33c48d532a64aac939a6e9739e96f09
50170ec1db564e7ba4316a62af1bae4a,a209167196dc40538d176e71c2c13acc
fb4fafa623944e2395843cbfffd1f8e9,a71ade8873e74ac68b3f6fbd28d154a6
222075592b18457da63fd03caf708a36,ee87874a88164e87bc05f7d3462423f9
c88e79de4c3c49cba2374306abfa6b0a,81a352ea1e844862800f552f0c785f9b
93eb59e5ec6046e6995d3c68c795970e,0ea7884e6ab540bbb25c12aaa60dd918
fb93a5d2d1204c47b770b804d6f8cb20,4b5c85de9dcc4236974c1ed25d89db76
3b93158e3ef1499f875bc2a5545ba283,601de41028b84d05ab37874608a05668
41077b03b94b43bf850e2691b50e0a15,528db235c51442cc8e32e17cebe6bd89
3fd4462d99af440980c3b0d1980a1696,38e77e338280425da9b3b7e6de3c80fb
f8adaf06358c4bc1ae86dfd4154baea2,cc62bf011bbb44edb06f7e289f990564
bc64a1dd62704854b40b2698e858dd6f,ab88f22618fb426fbe554eecdda7a110
212c734433ef4c1ba6f77ed04df09e0f,d73f116825174d059c3573633766842b
debb6ebecedc416a8b208a8750aeb8fe,7b742b63d4ff4c4e9eb503c83501b772
382b2470058848e4ab500b4a9e5b4810,c907b4feea724de6a686463865696ec7
3ca0503849004392b28cb216fc4496bc,45d0780abad84d7d88b19c21edaf594d
aa5ab4ae902441089635c7d0850cf6bb,afd93cce831f4a63bbe9b527c212a81b
70acfecad85b4bac8c0c8eb3ccf1928d,c5ab991e73234d359b6785985f393f7f
25d2299aa0284b2183a20f043e8dfa4a,28ff86f4db284ebc9f608fb24db756a2
fdbfe60eaf774f7c91655b6a19fd86d6,b44f2b65972540b894bde807d89a6da0
4070bb613be64109a41dda1769df9179,55a8a0c8a311428db8a3247d38144d53
2da35fb40c6c4c9da59a7094f660ca66,d077db03e2414ee7bdff2ad001505f99
f491f3cf38fb488c976c1d582f8f499e,a2b5caa283434f06a8bb2b4f237ed602
b0fa1643ee534f999e461f5882e5f380,92f0171971194baaa2cf547a8e35e2b2
c16ca78b25bf4d0b8f3c4d3279af6f33,db04da47e1fa4b6aa1a9a28a8eca9b01
81447f3c77674007bd230498aafa1c8c,ff95afaeb96f40f98f53255422c9df62
c07781fb07fb4f6bbd5a61a9d7d07dec,9b0775fd92d54edf83cd3a497a1d5ad5
66d548742ee0456aa0e59a5bf6480201,f0c773e2fcc64279a24aeacf79c5f8fe
2c8f59ea0f584a9ea01eba9b47846579,e9a4d44d33514ebead7d2ba2b10a1334
615224cca2c342049943953a532e77d2,5a0586ef2bc9453dabd8830b6543d82c
c3a56f7aed934b41997a662477e6c9ed,38ea8372dd654285a19c60bd2c30dcae
1a8bed8a8e4f4cd0a909cfcfb076a3cd,9f8157782cbb4bddb15db10c4e92b72f
609679ce8be24d1ab225e36de4613946,2e588d6b6d6240849a91d2084fce075e
9bc30cf8cf6c4b5483c00000f5537378,53744827a53743188ffe0aeb004fc34e
86b7001b262448449313c0a90e83658f,fc90217025b043e6b9137f82db9ad292
8f2055e791ed48659103c0768a8679be,282ff3bb7d2f4783add39d675bb503e2
4f20016ce9d942dea139ed51427962b5,483aad4ecd1c4dd38b4b749ff53a11d3
a2c62d15efc343c0941f1673519e3acd,1802f00fa4124d0786d0529e8139b984
8752ea09e3664dfca3681410522db5fb,f588941f008b4282a7066a5eec145666
c7b359180e8e4113b2f716923f6117e7,1542bc49b32b4325aab5129b51aa597c
68336104f41a4d6fa511db90393300c9,b34535f205314dee800d21be8f64ed0e
598ea11709a64e2d97000a6584a44d56,bcabfa768bb14c3ba9d11534b27d63e1
6d53d4f43f294e85a760a3c0a0b1f0c7,5b8e48039cb74833870e16152fb6ccea
d711ad004657434385a5f5ff9d5fd0fe,bf74157f67624bdfb85b7da67271a64a
b966b7d421994c9691ffee0cfa62c447,f949832ee7d5484ebe5c71ee703820ba
56dc0c58aaf746bc825cc210727e5a1e,061ba88113e64914aac0c39fe033f59a
196f5e1e2d384b538a695f910c0abe1a,99dc72749e4d43eea2f842423f8180cf
0c62e72e11cb42988dbc280d087df59c,25c8a25a2f3642ab9266f4b3b891e067
ae00a0ce54c04abf9d413059b64b4c7c,a91428da5ebd4e8c87140ed51b9d962c
d59d0f21b68d481da68ef20d77372bb1,d656755421aa4e8eb236247f2c943d9d
5104fd51d0f44706b44fe5f8977b170a,00962bb8d4854eb9b297ba07ed0df813
4e7f1ec1a3de4a6d9fa8c09aae251f70,eb9d05b8051745b8af50d9664c3bb919
90ea71b61c174f2689b82988e2a1c842,5cb5f2976f3b43a4ac073ada4304dbfe
e1af928540e642d883ae79e430f7346f,83f8ba2c253f4bdbb7c47d00bb609179
7575f7620afa47178bdf768e06c7d01a,4b50b728c0fb428ba5188b4b5b2c9e51
b3182232bbe441d7b2dacf233f0be196,035c5f8b7a3843639cdee1a3e935c01a
e96d118b9af543a8a75dd3c854e9ee93,5be4b5e521154aa8b4f52ac396efc841
bee88e7715f74064bc5e2cee9a9bb7ce,aa7b3bb3e77a45e6b04c42094d25bd4b
b50cd3a8d29048d8b1e7e2caa3f43ea9,33f41f44e16042519884c264597ef7f4
39aef51eaaea453e8dd78e6ae59dbdf4,fd92ae876c0e4f78aaa5042301114988
8986b1e6309146e79e0c5c40df7552b2,37a7c0bfad2741a59a2addbbfa41445d
04435a26deef4fadaaf79d2f0d03b87c,c402109a30124a798006ede7d4faabcd
8ed0a490d46a40538aa4ddcd5c8375b6,0ba7bfa5eaeb46efbe858f59f8d35a61
d7071818c70c46abb50b0d8dfb79d8d7,b846e57d4bcc4966af894dff1a1899ff
00258db643f34194bdce292045592082,65f4661cd6eb492bab32b3c650e9ffea
9c8327a4a7bb4c9293f0ec0e52a370d7,9e4d283d4cd440f588d5b9c9c9382188
e47e7b37a95b4249928c3982b706ec86,616244bdb9c447a9a778d34d5d0be035
948ff2ed113d4c5cb49764fcf915e082,ced45de37b1343f7b586257f81257a21
0afe6b9fe2d2468e9c5754024757c92f,548adbd5c6d64a9abaab2ac384daecdf
05fb9394e18e4510ac3a4b6ad6852df2,e557930ffa5b4fd6b2f0ce0222a95142
a6446b96e9b948ff9f1fbcedef9dac52,5e33bff9c053424abde19c759e96ed1c
c7c6e831fc80458abf9fd4c61e980b43,bb26458b2bf24028956acf321f667af3
2aa05ee59e15425c8c1c64f63790dc0f,4960820dc6e24307a4f4b29f4cdc0405
9408b75288f84620857f62d7966eaccb,474c044443a94a47865cc00f5f24b91d
7f016f1c5fab4d1ca923120bf251e30c,969206588e1e410d93aca8e1b08b0d0c
32e73f8b587d4b3bbada59ecf9ebdaa1,f719d307f2154488a239677b4139841c
2f5b3e6695dc4561bb5ca1dc4e411848,959ede4e425e4396951a99d73bf5b4c2
8bf9897f79f54572b0f33cfbcf7d85ed,bda016272cb0418cb19d702fea375ab7
43f4b4e380664714973cd19477f546d8,58a854668fc84ad7bb4f7ea90329ed77
8031b7a235d74dbc9a2be6a204ef993a,83647822f2ea4118a731b87e2ac6ee42
a8db5abd00d94c5981ea6e2de9c645b5,18b076ae65184539bcd770bc00aa8ea2
e330364d65d24dfeb170ccbb742b2624,79edf9c707ad485ea6b9d3abb2aa1b4f
4995f5a8849b45e79cb435632a82e55e,fdb897ed6ed84e0f9fa027d8713b0228
004ac64cb96348eaa962ffebe4ab9009,80418b30c1c44d578386e3af9951649a
f8f0130583ff43ddba0a000d460cdffb,f01847d9cd7f4ca29ea4e7a4044f66f3
8cf6811c3d1e424f820d286251752e64,640de66cde914fdabab74b12c1a22fc6
b521b79b78924486b42cc934502b2195,514482d9a01447008dc23fc8e9168d05
2bf06276c44d4910b4396a17b849781c,cfa9b11a903445a88dd785f10a08c42f
9abe040a33bf40938bd57686a92a822f,6ecfe9d6c06043609a652c280acae784
2e13bf80154f494499e309a882ba4e3f,78897b8a768c412ca7d15a8abe34513b
cfdfd56557444c5c8d1ac3f6c54c2afa,deee5b7258d9459a9d59cb0337b8ea56
f289625cea39493dbb1733bb952abae3,f41e976b23554d1c8ee2c93b9f468dbf
320581e92a044ce8a5ddfc0313bcac9c,2806ce0385f84ed08f3c6bc8c01a7560
2d293f1fa0304ed6abba1740c6a36b2c,91f26aa442b2411eb1f1cc2a74152d53
4566ebe2b73c405db03cb9d5685237e7,6ab8a6f84db84b2a9f5adaa8c75308e0
c6e26cb1a1274d6fba6510e9b562979e,4207828c8ff1470b9c31bd625ce71770
21049bec18d24de4bbd1f41149140140,42e42f2e371046849d1753c5bad2ec38
7638812d82ca4ab6937a14659e192bf3,d159740991b74d3e904dff850385f1c3
2463c47bbfc0454b91152ec5a62b89fc,b200bb055c1344e08f7c95f3c59dfbc0
7b3e5361dcaa49688ff68d9c358b5d88,1a2875a840b44c12ac37ed44517f2429
9b2512428b574cdca0f26092165c8e41,084640356feb4e2093730d4eb4c8facd
b9481183fedc41668ecba9d282dd2319,e7e1515a85884443b1ca99c127202f1a
9a99b391331e45b8955381b98cf69921,ea798ed689ca4857b607d41ec6898c38
fd25e6433d6a446db51a3103d488e767,26c90aed3d0341f28e932271726ce237
fb1e44e03a8f436faf9ee3d3efbf50d3,909216ff6e35426187ebd7c1b565c7c2
f6949126d1464226aaff13ef1d632d76,75a933b8cb714242ba67f36ccec36ef7
3a4943d4f55d4b0d8eb1c0c4fadcc3eb,a35d779635b34277ab41bbe448dcd05a
c1b66e4fc7e54c948012cab349f85035,729cfd7fd7104813bb544f0a774371b6
550fb8d1827545f9bd2d440be4188520,d7ffdff6f1174bd0a4c000376e9eb680
9fb3e70e1df749f0ba0cb745fee23591,c72ebc0a1334448a91ccca0e42a7f4b4
9c2c06aec37e4cc3be769256c362ab2f,4a392491a46b44b3a168b0028253cc43
40ad3c852dc14ac7a335e0f3e95dd705,ce08f0d638084c38b395054dcaae3a3c
f1e004eded26428a8e444b11c117b4aa,174196e1293941c49e9908045c73a7f4
3d14c9fe21db465eb0288917e3c780a3,5260ef169f7541a3810224c0e6251503
6390e08027ec4591a7a88f88f5dbedef,25ecb7e074e64840a49c74df2b10bc29
b5d39483986441a1a7c73ed304abe05b,d5c7199bc4094ab78928074981489182
ac909550660642bb9f3955e5f91d8356,842420073cfe4c21a875d1d2c5a10afd
1c2d01bbee8a41e28357b5ac50b0f5ab,ea472c23502640b9ba1ee11c7fa1914a
147ceccc3e7740eaa7fb3d1ac4379b51,8da4932db5d8412ea30977be85015951
8feb97786d8147379b7db8880f91b77b,ff361dbbda9843be94c19b14cca10ee1
7d866087b5424411a2f99c8a70f8676a,d733c6541d1f419d8455a6bd9a5a5055
a3a7cb8a8e164e58b529e2aea376d9d3,ab568ccac91c492d8b34a117e228591d
75a486d307034c4c962a10d3a386ef8c,692ac52566ad4357ad4d613db188c389
d676f0289f2842ceafd1fc649fe75ca3,43e5cb78608d4bcaa9b9fe1629a9fd9a
7df8e59ed2944fe2a346e8f4445b621d,b90c2094646d460b8139d7f2dd0b805f
979062851a16421cb1137b056ea41cb1,417fe063775943f2b6aa5acd7809a6dd
37427ea3a5ed472f8921bef194fb0ff5,8cc5e350c9c2447097532d3093228248
92989d5a7f90434997ede8659cbf4d7e,da38cd3f9f034388935475195a1f4a7d
cf497cc3180a42ca98cd16ffbe2ed653,f61d83555867485485df3ce5288ad250
0f7b9cb98e92423682c8427868287616,3c6ec7cf1a884ddbaac8fe6a6a2a9d84
41ad95c5ed614465abf830668bbe2c14,032b6db8d0184415adc47e8d57369be1
9ce419d059c44c58b55e480b93d707f0,3e8316fd75a445609b1bc7b8a40a3fbd
ad3fce3161b940a2985cf7cec1280c4a,68d583247af94bb9a366b7428da4aead
94a1a500ac4a499a97410ea8c583003c,736d7c76de6347dba10aab67bbd237b1
53370e621226482ca9bd8768c3da7f86,8612cbe3380649dd8db417cc6c171c44
e60da39bdfba459ca1130a1d2899f7d8,7d4049aa0fe94d809e5fa4d676d0023e
7e605f2fa2384d2c808316e60c759f6e,1df7ab8caa9841e08fcc98cc6d0e4e7c
0eefa504e22b4a24bac9161da7c6c7b4,375b7a7e02b64736902a9ee6a25bed80
101ede7f350a495993e3f441cbd7238f,44a219c141c343ceaf13408c0c8ebe9e
fa62cef316d64f768333890106d0d345,07c359a6f99e4fe081b4fa714fb0f89c
3158d28be6fd4d38b50b2637a536575b,1fb9508c2f8a4c828d74c8912b5c33d8
7470963d479b4576bc8768b389b1882e,ba8cce9d4efc4a9189218f2b9cb20444
d191687ab0334e8f836c8e7542df1f61,238858501b584c6fbca98b278f865b79
d66296090ee84bc8b89d8d2e90ac3de9,6c09dcef382a48278f584716768545e4
090404bd9373453ba970c732394a5f04,36a20a940cec4fdfa358995eaca18a6b
4e5a6beed06d4ce48be735e1f3c3abc1,2e62b9de91a04b4f850ce2f8eeabf8bb
252db0da812f4df683256a2bf9d7863c,dd95395bf4724adc86de991c236c37a0
446f6d3ed5e74d19b3255dbff5e18216,a5d7ce5f37184422b1ae68a821190c11
f14f822d471d487398a22a8f7973e327,e0c2c1f7d3744940a4d8d7403985e38a
dae677f14a0f471ba244bfa1df23bbc0,18cec112b534485aa59820ab5e1ae1d4
5ef732bc2ba54b45a45fa0cdc930380c,fae9e707690c4d28a81b4546021720b9
55803f9d9fca4b5892b333b9f096b8b5,b0523a1ec1af41189859d35ccd0f2f80
8839f87ff8614dcebd78bd831d53d8e2,930da939246e4e08aa579c414929230b
9e26fb822e674fbb89289ba6e928a121,044a686156cd4534aebf58eee02e126d
012f0ebf8fc542debdff2e0e692bee45,07057152e8a94ac893efdf6a222b00d2
98e3f1eb7c974f58a5b0680ac61de505,2423053423f74dbab2994c58adfa1dc7
f5ad8acdce3d41a6a40e429fceb4f2f3,51fbc6ac3619497facc0cc7c9177a6cc
afa4d91f5a9b49d496756d0a3037b121,8147bf0587a949b1bd0de0d68f58a925
3515766087d74ed5a85a9357d476445c,877d31dbe8b0499c97ee94b5e6caac1c
3fa687b6424f42cf9fc15bd0889b57e3,36dde883e95d4886bac0bd44e860ed3c
aa814cfeccd543019d508e638969593e,5d1bd7b271b84493bdc3068e29aeafa1
e9a3b3aad6104670add1fb843be86fd1,d65592cfe07a43ff92adfdab5e702f99
94518cb512914751bdf95b815f0fa73a,bfd9c23ff4394efaab118f8d2c7d6865
f11ac0ca31b34ed5a342548a71acb8d3,ad79b0477bb546048e352288613ce8f9
6189a3d59bd2467a9e27f7204c622de1,460d9a5765e44699983becd42cb42588
e685b2c12e1c4acabcca7d34569401a1,a97e62c829d445a99cff7129470fe597
ffb50a875016497bb69f9712203c1972,4f7786b786c64b458ea88a8004b034e0
6721abd146014f68b4b9e4b8035b06f5,ce442403b1814cabb07cf1d786f4e23e
4fc7fedf6c374c9793af89598d3536c1,5d998e4a5e4a4475b93a3b71f46d5800
41b1662a26a84796be6272c8bf2cfba9,12b0c5e01500487db3ad8d72907ca761
b4de2987f0ff4bc39727b71cda3a1aca,93b5215d9e084f649db8c164a865b757
4f51c7f314f64d44a67bcfc2447840f2,a72b7e9ad53045a7bf557431ccf9ff7e
72a6d25c74df42939b434f1963170050,cefdbd1dce384a08b45ffd1da9ce886c
f2b3a4322e814fc3bfc75e91b0593496,7eff521d31414d41ba70dadf4d20e731
11c33b6e64c541db9ff92c405c7076ee,13cd200bf4aa40998cb36cb8ac3fd32f
542b0692f74c4f6780ba3f3fbdf8454c,5c91961f7cfa4063b6d5cf61d88821c1
d83cc7d1c941438e93786fc381ab5bb5,b6d4220dfd4c470180c5e3714aa06e05
5c8e6cca75994fb9bb85586a0e2d91eb,8723c260d1334e18839297150ade97e4
86d8ca9c5ceb4222bf2c841fb2b9b226,199748acea364efcac0be79940200312
58c81aebeb7541a1b7a0acfb1471ff2f,7fc1b776b48a457eaddab5b0edf146cc
58f896c8915342409d21786e2fde28ca,d879cc96a8834aa2bd2b3031ee6c1338
9fec72c893cf4cb9bd1d299b45cf1d3b,2f245aef8a094d01af13c80c1b75959d
de21fc7bd4cc4f58b955872a7bd64cb1,4cc8e7447fb343b9bca3cc0683ff1ceb
c576cebb53a44b5a8a56408f28f8a010,2530e5fdae0d47f68f862f323b0416d3
e81f80a1deaf452e80a5af5f2f8f7fb9,2e44fbc8a86c45c1914a9e01e0151674
7e76ccecc3604a828df9cb662151f968,db8174918af946a789f7ed8d3f19f0f5
7c0bd6632c2f466caa92fcf6e684e424,26ea127a828a4120acf08bcd686c23f4
dd51cadbb6a74318bdfa1a00a02b3df4,52a3fc0cd15f4086bba579f25651b408
6b658f8499c248cebf7fe90e73b1953e,7456b667fadb4e45af218c082f68f71c
cba9f831b15b41f396521d91f1642217,20b8b6a1f9d345db89b59e71de06cd86
6d53c0a86fd044be91b53418f5884d86,9ae107a3760c4fdabbc7ba0daa7d4db1
00e45593294f4b07aea3a7d96468649a,41d69dbdf2134b9c9aa7afb684874f72
071951c4e52f45baa31100b868340b38,34fbbd7721a04310a88f2f473357fa1d
adee1c2c375b406c90f7190d6c6f2585,bf87380ec0604145a2a820969a65c214
cab56167e2a54f13be1312df977a7215,1072fc85052a4e2788ef238fdaacadc5
f5a00c9e6f0547f1b7fa384b91be661f,0636b66956ab46059665ccffea6fbaa8
a5a29405a97f4c4bbfd562f46152db74,177f2af3cd7445568d3e1a6087793108
b6349b17af01461b80ae768d552d205e,5b144ddf06a54ebf8fa46c43b0d95c02
19a7e45fef0547d8a368d3009fa30c6f,40e0dc90723947b4b1e993ebc1c70fc0
dcab35e120674501929a545d1bf76a03,3736b897c3c14d1d85b61692b6c9a668
da2e566e5ac14e268c8fbeea182c9690,cafb319d7ff141288076c035f13c205d
259fe054d7c44f0ea2529c4b7a92b365,a807e8519cb443489301c669d9f29eed
6a30fd38fe3e4efbb6becd77fb3e03d9,7cfe4da7b5d342308b5e7f670c377e1a
06ff1caffb3643839d6ca25a037f5ddc,022d120797c2479fbe48c6ca26172120
779a6f1ac99c4bee9a37c2464e554aae,20a8992ca9cf42328b0e32f042d45ca6
c477c949f26a40eca92657b1bcf5dcca,a11a0d7376764507820fd8fd81100a7a
ab3e082549c04fb59465c3d89ea7c2c1,a2d7e3b786094ce1936007f8fc390efa
ec8f620dd079494b976c27f5a98ae92b,44c2dfe93a5148aea192f9907ca806f7
87c367c5aa8c4e19a17cf288419e66b2,8bf0d67bdeb5477f8fa0c81adbbf3159
b86141e0dbab444899af02eb50f49c15,f7c545ba78a643b7a173d3f0733c8a2b
52ecf2dfe6604f37ac62cd16f94c417a,efc5dd41af4d4ae29e5923320dfd3681
962aa5c9b66b43259a11ee65fbaae790,3a3f5bad267b4bb6a2b1e74d354f515f
cb7ea2da72824e78bcab99d08c1d2a93,a3f53f94cc344d7197308e04b9673fe1
57f6410d394247058a34b57197a53dd1,127b41bb2d5b4fb2b9bd4b5a4b90fdc4
f188a818dc0f4997bde879fb597833de,f5e256ef54294bffad54b6505d5c37b3
aa8aa6e8a9954afeb738268e7c1ff8e1,b62c14f83e2645f887d0297a4a343c1a
576d00877af94673a89b8f4c4d9adfdd,e28cfca155a9478d9861aed19a9a40b7
0a54f8a939e848aabbd5f8e3ba14c486,5d6bb79242f942b087a6a574387e1aff
21bc9dc352ed416c91c0dbfa55f89677,874be63c1f2141db8e17b4afe1dca5fd
ff0ffb2bc87c419eb5555e0a5cbe3146,557296e3fb6747d19be4f61e99679505
0197fde19f5740b9ad4285ede46adb56,b051028857a242ea91dfdfb62dd75a65
03eacd3da58f463f94f47ef325d503ee,0cfe31f630b744e8ab53ca2b86cf719d
7208aa6ac5e04e64b691ed03ddbb048b,6a9cf68683504d3d932ead4ac615af9f
988edd80453a4ef2a03ebece13561b8e,43f1f1fa15054804ac849e7bfab0c822
6eac5422473d44f6a847a7366bfbb0f4,614b463889d14ac9be88f6d7bbde964d
804ca92337924145b9d9ac83a3bd611e,af769026e0a1470b88bb61b838dc24bb
a1119af823a14e81b59b4ca2f54216d2,3c3b235bbcac4120af7c88e42cd7a144
c739be0ae5424b5c9fbe054ebb1b1096,9aee39eaf1614fb4abbd5027ed575d14
586cdba9101d4beb814510112db895f7,1186f46be83a401a9642d34dedcbee1d
d340f3fde5b4486fbf30efe7162036b1,d37b4e0134dc473ba653cbeb5d4bdc43
07c755347b264dd083081c7cca8b8c23,016ae100abc44f65b2559969d45a6068
caac8fa837a04989bfdf1bdf7cc655fa,755ba8e0468b406db485f9203466298d
9e6d97b4345c40a1870407b7a5b2a4b4,3b46a094fdba405daac5e91746229236
f1d518ea0a3f48ecb62eb9e42999f268,c0895247dd7e4709b92f1cd404fccfbf
069321809d6140db8211d6e8b09d95e7,18fed91d3da1477fac2825afbc8787ec
83a78f00afb74497b1711600bd5e0296,f04fb0daac30411f8e75bf14360003c8
98b6361f723343e9a9fac1bdbbe2d1df,ab964f7e6ff340fa9792dcf7a4274c41
22e78dc03b5447759a8cd03e3109b8f0,5263ac63904c4177aecfb9867da81ac7
60b9f75e56a14b8286463ae87523f2d1,0434d9e9479d4ff2a6824f250b427a3a
7ada20362cc24d6fb8a7ee7d11aeddf0,a461fca74c194771b8bc3db0405dda96
f544ba42c1724bd1939a8342f93a7b71,d4af007fa2de4841a5489c17ac9858e0
409d099506d84c9787117ea0e8638c17,33614d4e160949f7a7876cd10d5f57d9
047fe6487b6b44bca4b54d96d064930d,2c5a38fd48a14cb692294f441b8eb0a4
a045b811b4cd435888c4c93fcc2e2d2e,b175c1f9a8e946e6a6152483b6faefe9
f52f292f1ee14dfda1b80185e8cfae19,f504f45e844f4a3c81be472c5c301f35
ce35e907727746d285c856d572c894b4,c4080cd973f54db09f9662712d7dacaa
176c3d0c7c6e4807a67d7fc622f1444a,2efa329630694a0698c91a7ead5c494c
e90788ca16c64857b538a9ac37344f24,a83e5e2741f84b8d943bf01b4a3dc869
61c5573742d14bc9b196fca6a6e4ce49,1db545935d45467c8751dbcbc5f7396a
efa4c255e64b479db15be7debaa2482f,845b6c343d2848ddaec5e5d52dbd1acb
ff420182f3ca4e889cfc6febbc75a7f7,1b120bc389274a559ff87cbaafa76b86
23dbce2349274de9a98f2b7fcc68a0fb,8053441bc17547e0b7a03854761f2e18
207a7c7424a5488a802d45a7850c6dcb,e80824a9c5144e008d4407fef863e2f8
acf547c2155a4084bb0be961dccae05a,cf5ec0f4260b4efe85260b449c710ce3
2e6318649b0f4bffbea483aa9288b48d,e19b9fd038bd42cd82666fb792713c88
fc52a645227847d6ab7b99eaeea256ef,f4f016404c534b64add8498dd262ce09
a601fa415b294435ad609cb155d71e73,3af1e9110a4240c6914135c9a4aaa6c1
b9517ee28d7842dca75bad3281def34d,4bfa0f8a17ae4b07bcbcb3990a8032e2
4df010ebaf94472882f4c2fa403a4210,e4220bbc70044d54a7b3127a2c8c64ca
534685b48310410ea32d6c92eb5004c9,da9409bfbbaa4d41838de915707aaabc
9d3d0bd212824e9cab04b70e2d9d88bf,b200715fc8e3437f92f22baccdfa9cd5
6f3f43935efc47e482b9c10db9842c95,ee36f8b7375748c19b12a7ef316081ce
d42f9e2dc7734853b5ae5c0ff6d103ea,a670166772464e3293ed64a259420376
1c4f26539b84444fb6d601af3c5522cf,4dfb532b146b4cb3b91654c6d37e60ac
08ee479d3808441995736b486ffda1dd,75acc62632574e9e844f0eb733a63eff
8a561a1815e941459dd71e8f83015d79,036b43e47e0e4378b7ce27f98fbaa404
f14a38c833944a1b9329bf7a54367c9d,8d74b4af44584e7ba6e873845822d318
eb8d9164f13145889dbd7f270086b074,4dd2d00da26740d8811a2b0b159afdfc
b9cf2e21c7bc4dcd915ef70509094567,f7aa0f6a5e03494dbf608416fbdc704c
e7066eb4c6d140218823e253ebac009e,88f9549311f84f92bb530cab07eed76b
ed743b395ffb48e782006b45f8d52b0b,f7b3ae3513a34490b8a401a8a2f21c6e
f9b2486e3fc94185aede304f8d81719d,aac7b296a08a430d81933a939f6bf932
17888a018a74437daedcec78f99c994e,7c7019d97c39422db9811cd4ff67bc0f
7b13a69ba2f6432b91a28a8b3076f615,438c3abd5d1a43798718472a5355e0aa
94651f94e0a949cc910fd1b7967d367b,60ff98ba006e427d84c6044d21aa56dd
22832716dc4e4ec5888cb8a3b5fa6351,08dbaa4d20ab4c4c979260523180c865
04021f5a9443441e8c1f71ff41ccd2ad,59c1075f2a7e4544bc7d401a81d14e29
f9de345931034cfb90b4eeeb28ac4da5,de2db7e95b2e491785cdae60d54d52df
05f2eb5f5a2c4ca5b394ad35dbade6c2,74b8fdd439c8480abc4b2fadb917d580
23b00db8446c44e792cb204d958fd5da,046f1a41eefd40d7bc9943fdf3baa597
8a2c6b28cb6a4fb3b83ea7b60f77e8f6,5fe95b180ec2431fb8091b9deabf4432
1c60b71c127b46258d06f55cfd36f1cf,93efef2375be4e1283937d39f623a75a
aad4aa82824b4fe1812a9b97d89d4ac3,e7e13d7be2cf43f6843cb9df35eb9c2d
35bb9e8e9a5b48bd99ad836d1871337b,d8e103405bbc4798a4af53e48efb48df
dc3cdc9834f34ebaad009862d78a5616,cbc28f42c92c4ba89fbf291e118c085b
9299ee9dcbe04aaf9816d9edb8fbd70d,7bf100f350e8451493317cde006df8c7
bde817f282e644ff963dd08969f26989,861afed7d37d45ee848a83ff0eab5292
c561003c467944b8afc2610254078047,40b986a1c15f4d06a77171262e56af91
cdeb461f77a54e44bb316536a2502f04,80c79570b93342d2842f42278a0f1919
f2cc8653b27d42f4842607eba7b33040,31a021c4386b44a9901b70d642afbe7b
2eac0cfc11214f10909c01076bb2211e,ceb69bce59364eaaa50c2faebbfb9587
1d87039edb3b47719b355d9d5e1cba6d,38256e0f60bb4909a8069c5babb7f012
9ae95de8c97942d2bf1f3c80ce69e91e,135f12e7e33a4ff18e70d4385f316a6d
56909ed0b3db473ca43894ec74635bec,bbefec5ccfec4f73a1a67cb866ca4fe8
64294abccb8440649ae20600fada80cb,2b01ae8d68fd46e9bbaea0b0e43e0565
a79062dd85f2489bb7c12392f5e31de1,d678dae6acf349b08e4acbfab37a4886
33f614d0711049a7b66ef2d701d6bf8b,ba5816c67ebe48929a80ae9ca20737a6
508c2c9fc2974873a22b6fb66e6b76cd,1159f4767f394c359cf2e0ddd373ab74
c20f36af5ca94422b1384063e8bbcaf3,e7c27b7a2383436fa524dcd7b6d59e23
870c39448ce74db0b01afdae1b97f562,3a089a4161ca43719774236fe4a6cbd1
acc37cfb68da41f98ae3bc27a9aad6f0,dd36e8181f8b4bc09e959399d8e0c1da
0152fe8018f043ab8d3dfb361093ed43,bccb3f13293f45c6afc3b25b23c20abc
3e9f83efa6274c458d733e3d48dfaad1,374d7139c2534d3bb736a2cae28c805a
05adb172ee8f43de82314864d8df135b,05941e99c0e849e4953305a75f4a6f61
6d1ae8a69392426999dcc4d52c3a2a9a,08f59026016b41d5b26bfb54fe664bf7
f40ca18bd0e841f4aed05f47c8914779,21ca74a6bf594e2b98057d09adc53ecf
82aa42b79fc64925a3b0f9202d8f4b7f,42a2226adac34d8cbc567df5829ef10d
4c8e7b33341f48a1af02fac1d839f4cf,c87b5acb79c64fa8989817a1f680d379
fbe74c13c51647f88c3f57d3a31942f5,1d82256d91b649abb3af917d0244b614
8b6db48960ab4c87afc553cb55bff131,b5b9aef7e58f4be499fc306d71bf38cc
891be9c5c75241bbaf9139db9aef8ce3,8eed66b3164648d9bd7b07c45f8c8faf
0942846979654ec0a4837362fbab3b30,e96ada4d7589469cb0fa2e547d137642
a972311b507a4ae69a2e400aa455b09f,41b9657c781b482fa0ff029ae386a8ac
827c7025cd8041c1b4663ccc6511ee98,10f0aa4d690e438d876f867a6ace62c0
9d4b2f65426c487db9bd3b43066cb0bf,e8d1a3bb2e21434fbe0f6cc7993a162d
22b757c8706c4411826a0dab88e4f65d,0f5b08a353d84bd9ab46d67cc024f0ee
9467dcacdaa04e4ebe04c2ef50d9c480,bdf01f72fdb94a6da4da24fc91a3c433
70e51f7be1b14024bf828700d181534a,f0b88611a39648fd951583aa90d0feb8
0a6c663dc8f04d7e9f7422f6c07d6ea2,b5a7acbe87cc45cd94f7d36e3913c351
c9debeb488e2481f89c3a65760b342f2,d17724c17fce41f6bf40a016b92fde90
47122b75e0ba4aaa83471f2d8d54881b,4456a0641f5e442c898e6f68974d239c
b0b49f247a194ae7afb9a9742c18a9ba,84f7ab96008841618c4f524b82979824
26caf4fc53b740a0b1845a0ab8c471dc,8d0128fbf92a4b5ea14910b83bd9af8b
a67fdbfa181d458196b53f812d5aaab7,54795408242c444580f3934740d99fc3
2b564dd880ae45959e8270fc482fc4b7,5ff0988f640645caa625ab4bca48d75f
09ccd9c864194bb2990088348369f291,1a4a53febcd041f3bc12929b7d67464f
522e3f5e6c8a4818bf12f1a3535a4f7c,77ec6fd4207a45309f88920d566fd7ca
c4f6c74fa6af45d4b9f1b4d3f398c1d6,8c249ddfa41e4432a5df5f31b166c625
25383005ca41429f9977f23b91b471f0,b57e4d039ad64462885ea68e46c0fec0
1b5e111a38fa404ca6e88c29d9380b59,3d0c02eaaff047a5b851cced1a8bc9c0
9f5b61c5233b4e8092e889c89c2cc8ca,40505275ef0d40a0901d6c59d4189561
d4dfed347e90404a80b570b511d85582,1cd33b7e5d784f50bd496c53847e9312
9d5ae7ce3c4f40a78bfeee3d2215f374,5018dd6b156d433aaa852342e84383fb
cfa85a16a4a64f85b675e607d8a6100d,ab0152830e624b03ae24c4f2b22adef2
0eb8960972514a218674f41585d88090,d65d77da6fc5404d97942f508e3067dd
371caaf63bb046ac9e57ec65d34c280c,f13b9fad8894445490a867a0fca34bfc
9b29a5db37a44cbfaf03c1855d0d614b,3168ae229a364bb6989d1b09f2ce45ab
ac73950c8d654df7bea5afb92f0bb76b,b9935192530b4d33a5a4d8268b44db26
58b2cda7fcf74f3bae2ef4bc44896933,92e2307a24b944cfadb296cbc71525a6
2418e797d6fe41df9301656340517fd5,04e18bb67cf44ed7ae6814e7c92bc84f
abcc07c925ee4129b8e89430cbeaa275,33ee15f9be94439e891b6f75ac75ab3d
f84d1dde19a04e4ea6881587c21ae623,6fde0fd42f6847dd8076a4abc3e81065
d384d08aa4dc45d08921d02697cd185d,2d2a077a6faa416fbf838ca435e32392
626376c0c1c24d199ef159750f0b7615,de41ed24e6f84c6c877588b443867813
bee2daaf88be474081526727f385dbb4,207136b1501a4db791e6988df1311eb6
bc499f50586e4627b74f3295359ce575,ffe7099abc7b4313a6d59ee4041ee31f
c097191d4fe7439c8caa96684c504644,eec1e2a7e45f47ef8178deebf7268220
3190e24ea43744c0a1412c8e7efa6cba,39cad8f97e5c45be813761f89ff1668b
1ddf7c9be3f447fb90d10b9caffd87f4,ed6f8c6a76af470dbc33557e41e5db1f
d5961308c04942b78e7d2ba98c3801bd,bc2d2481ce114bfd9ff855a6a37e3145
e43f6157d47147dcbd380a777a9fcb5a,a5b1b6505aa740819791c171763ef660
a12916c34d2049d4a11ce3feb711d75f,e6f0bb0ba7b348ee97d1df2f240a1fb7
42d599d13df345f1af7ab032166f299a,1897ecf061044955946c5ae5e11f6306
eaa07627fce04ed2aae0fbd3fc528e4a,52913c4918924a3bbefa5850b99ffd09
5a391702da88411bb072ad5a4f260608,f9ff2daebed540be964a82d61d5aba8c
2989181d41454550ae5db28c3f6e273b,77b9a004c5ee416bb0ac3f3a6135de3c
fa8f02dcbed74f3290e770ca893d1fce,05f4438ead934e40b082575e49097b4e
ab0a2546c1864949af62e1d312e5a309,90740006425f4fc6a0146aeb0fb22c07
555753f4a6dc4d76ba8216ef6000b199,560bcda6c93444edbbe1dc44cd0e6e24
241344176dc64586b4c2aa665c74f125,5485c11c242b4ecc90f194e19be1d6a4
5f7a0b957fa147c8833f5052a9598e7c,54ae0be00b464bf6a826f0dd816d9a71
e6a6e7e935ee4ac989fe85441b32b783,28aec5f9b3914f28b9340a157364b856
5ee84807cf5f4ba9bf86fcf14a88944a,f5b4ff21065b49cf8c526618ee8914bf
acb5b6441ba74b8ca823b7518e685d14,3efd463fecf94e81a74f6a5f069180d4
d6f24627cbd94897acde0e06d5c6f7a9,e20889a76943403fa26ef7e1a573422a
2614a8112d714c409b3f41b9dab89bc6,a472d563467048af9b063ade17a76f78
19cfcc3429c04295aafd4f706afb55ca,58bd7c8f3281498f8a63d07242019b7f
5fff0f069ed64d068c27baa6dc79e1b1,0d33bbdab9e545a2b78a0edcc53dbc95
90a687347426496d9ae4b70b9d392484,0cff250a1fc54cb197c303f7cebaadf2
78a71580e3d6492fbbe6f61419077957,130c9bc34fcf48bdb8ff8f89e7766311
dd52691af987480fa773b3dcdca7295d,adf292e8fef54984ac10fc5101f6c25b
ead44d93ce5a4aa7abb6f2a2e4b018b9,8e7847da531b4ac6ad082fab550d72e9
c04a75cbc57d46c5bebc04f705b929a1,52d2376a58924acbbf11c3f8df667d64
20f0f3b645e34f8db199643178576ab7,a922cda8123e42edbdd0f7bac81c7242
fd4527ac5c6d42a0a8dd96710d0936a2,aaffd8a018d14280b9ce978ad06efc9c
c9e8d0022efb455a840063fd2b421e0f,22c41d19fecc4aa8863bec924102d408
f981ebbd232447c08cb51687e9da1ebf,3d0fc50ac8b6429bb6814b54fcbcca4f
4a4b299211034e338528286df94f3794,5d95d369bda54880bbca4330cb1e318a
937cd72c86884679bc676461db57fbf0,e49eac50f4144fa683c1f109d5218683
54cc39483df94fcca2e7a625a54839fa,9cd1b211b35f431aa771a20c4d98fdca
2ec3c30d67b840cfbd132d423b99ca51,c678eed3d3244282a8a801a68b226bcf
619777a4a6a44e8787e9475854392fe7,3a4e2c879f754f018b885caee9b76b61
ff234d3bd62043999f3df1b779406460,b7ef332c55ae45fcb36db85b467874bf
105992221104440dbf25d5f3b0caaf68,a7a32ef1497f48e6a392015b54658ba9
717b16ffced1450a94ae60dfa4b35e50,cfbf49f280bf4ccd8060a53fe0d5490a
c69e09473ffe47a289ca0d24f9e231e6,e577ae6859f049b39a549fc1b8d845e4
0a5b19273c4245c19343de9860356ced,4cf5ee93fba4495b9267ae7a7c1728bf
3246f5b2279a4c458e68420bcdaec778,16a6cc3f91bc4ec68d2dd0e46f07c59f
825e022b14ae4b99803fd18277cafc52,f3e6919e4dee4ba7a3d8ae0b9c14d5f3
46492cfef8fd41e5abde29cc4694b995,c1d127e2650942a79659e25ce76f1715
48ffa488146d4b9cae7d9a3d12198860,fb03f98c5ca74568bbe599b39064beee
44adf9345ebe4e778b9f7f6270ffe464,d21ceddf637b4c2fbd86765cc6a2100f
090b67dd2ce14210bea1a3f3eb49aa74,57c34b7f3cc74b9b83da4de1ba9e80ed
29f246be3f3746079188e35492664b14,74f118ca1c1e448d8965432dd84db53d
0628b8cd8efc42aeb412c20f10380c32,c6abbdf663d5479c82f931c6a82fc15b
35b2f58edeac4fdcbad85dc0bd83981a,9c59caa9e74744f7a8ec554b0bc64177
546beb21b09040d9a12f06f4c4ad03ec,72907277212b47a6a9502892186ceee3
2c85b94be94d4a5e8b4645ca2584607f,4aa69edf38bf4cf6a56f656545b61169
e043a787ba864d8298bdb0541098bdc4,eea4d49ef7574029a1ffab3cc60426df
99ef2013aefc40688f459eb66547a2db,1c88c2728df54073b8af3da9a7b87f87
82ca2d63ddbe4d0eb8ffa0f353409fbe,08fdbd2bc8ac42a7b7aa7ce991d38cd5
cc634eda249b47659492cd663b60641a,410e1b128d7f4721b379a8835e47966a
9e844ecca619445cad1696d05fabe69b,e1c30c14492646eca9b6e21fe9089bbb
2a02308be62e4db5a38d08a62ac3192a,03fd1039d6014d21b954fa3031102ffc
b726b4cbe11245acaa2b42f0545bb906,40946ce0b8dd4b8d871ef44f69ab9c6f
d028464561b44c8c9aa197b2e6db9618,ff90941315384f6992b3b448a84552b4
8bb0597172c741c48945263d77d47e92,deab765351474682a59224b9102fb758
BROKEN - can't scan,BROKEN - can't scan
a906372eb1cf4f459b5997b02635e084,eebc43a8cb28478cab18bc8b04a05fdb
d36488727a6b4aaab362f3be9c55389b,3c9fc22d199a4630ae0786d96166d5ac
bbd64983068d4c13875a369c40b3d2c0,61b7b4ba8d1e446e9e06529e966349cc
97c8dcf2da484bf586bcd92205a7d3b2,5ab806871c904b67a3c60309774ef5d2
da7e88e36a2a4168a348453d5871922d,bbfeb187869544eeb0af0a459feb3f55
df6ec1bbc20a4bca9f923f18c425dd27,bf2e309d24e2471dbdc55e26e93c80e3
5b91e3a648da411ca55577a85e561ca2,221c0f4c632b41729486435fac46f5ce
2499cee46e9544adb8ebc53913295227,37f0d4cd057947f48053d62d6f747530
16ef5276e44249828470affe42172602,e6f88573985348d4bac6c45fe442b2a9
4d209b023dd4401d8fd8876f0beedd54,69b8d8777c9942c69a3d8aa31dcae305
60da618cac9f489598f0e15b27bffcb6,b074f4d00b83457c98532c8c21a7c87c
f72bee4812a94e8f851bffb06d0a8071,b3b5a3993f7c4cf4b10fde482a2a8945
a98f72232c554cb7b471be163c7a271e,405b17a206e043aeb454520acbbf96c8
d2fd8982d5d0402ca758a751d87cfe34,d9a262398d4f4c1f83ec7a8d2d5460f5
3dd71c3b316f4fc29d5d6f158208c56b,656a0e77d96947839ff28e72a66aa7dd
066f7f13aceb420485f0bc6058eb7fa1,179c1bc2e2554436b547203519d8a2c6
aed0e6c58c6444738820caf383de4fb0,2c5c9ab495e6461e821a3dab50f21a43
f4db818c1687407fa503f2c7e91ff823,0cc2f300dfec4a739b4d795a18290f1b
31bbd824f8034789bfb5d604c2377274,2894a754a4054e2cad6eb7df8a2c288e
889ad08a4b1941ab8be8bf057a4f4443,8e294e5d75ff491e85587570094cf302
79c391fe8c4245cb9fa2c4c9c1fbffb5,535c87a85cd64c028e1bd8ce3dac8215
e3a6c61b5e86436ca932c4b8f7aa13de,323382ebc689404f8c8d5e2ff626e0f0
ebc24b9df5aa45268232905b81e8abfc,92cc0330ea964fc19b0c3fbd28281158
903f6186a1e647e29966e2c797cdc226,7ac6518148994f9e9a97cf7196c85225
ba899465a3424d7081035ad533e46018,1a68a184a0c1498ca08993b57f9cda10
aaa3807ade6b4f5fbfd884e50232a66b,3758ed2292aa4dd5a2c9008721ce4e12
fe743f469de546768eae433f8ca6fdd2,879f03a517dd4d129f6bf7ad55bb6ebb
82ffa276e58d4f808a328eacf6b9f380,ec4da366397d464a87ec8de384616478
721edd79cc8e4a9f93b336b9bab54c9a,af49ca1d8b24455694259a68bdaf736f
ffc12ac296f94a68b3fc376d33005f87,4565c6cdacc948b69f7ca1b4215153ab
36d7f7d7fbe34bdf85cd611142e2888a,e9d482ee5ac6446381f35abb94ad71f8
72150d158d734106a526aeff173cd87f,4c9609d8f88844eb92c134e9ff0ba24e
313c4680bc7745ea820e90b2637f6d9d,9a42e63da6034d2782046bd63e9d0f3c
6bb6f49523b245d8abb6e25f9df53dbf,d20ab2decc034c75af2742adb2c20aeb
4575c17af4724fb4aa7d69c076f9cd98,1520208559d14e87ac62b13d89c959f7
43f7432c54ba4492a8cd8c3028b6c063,f89fa6e3c0e145a9b01d0bf97ef10ecb
c0c68ebfdc3a4a1c944c74795979aeb7,00ce888ad0f24896a703bd661c1a5b90
7fa8147cbb5546b7ac4ccd0ff09d70c7,9f3d122b46a24604be7ba6bb097a86b8
d8687cfc84e3420998ebc6b43225fe04,897988ddb8684852b9a8411582834358
859362e67420400aaed799d2beaa03b2,65526f40ab9b4a68b9d89bdba982c28f
ed29fca454ec434caaec3604120a85f1,0655386242714893917592e8d03d98ed
d7f2b1a2723d42969edc2e6cb7ea9f6c,745264d508e645369fb91da5bb68b3dc
e3753662b9e6424fb1a8f60bb8fd7beb,4848ebed526d4498b112d2a6310bbc2c
435c4e3e917c4936b4cc0a664991dc0f,8a34feafd6804400a2c9272e10662d70
82f173efe7a54b56ad7b014923192560,81407bec9be944c9b80e2e7fbe65ce07
1e7d2a74c24a4948a2663c55c6e973e8,304a646840544583b50a6db338f8a93e
45b082c130c643c2835b94beeb0e0f9c,9394a07550d84ed2a602a78f33785408
f454a9c5b81348f687dbaa6096b47bb9,c2aad10e4f6e40a29b7a6774beef3e3a
8c37027f92784770abdbdc5ba732e43c,8858608c0e794805b8d5076cbdf6ed5b
bb322cfc29ff4a22b184e1693d86c7f3,34b444c7abd6470f967af3f783e05375
b5935aa181364f54bd8816c7bc173226,95d1a5324e7043a8918928537bcd6c76
902fb838417a484896d0686d9d6c2d91,fce42075ad2346d4818110b8c0ef27ca
c2fb5c6b62324bf9956da675cb2b2b21,0c205efc21644fd88278c2ab79b0f272
ae2572fae4ca4adb843acb0ef0c0a52e,516201d07d1d4b60b9cba1a6c3b1a2ef
0e7511778182484095edc6d0a1bf9bce,695ebf167615465ab82d3347e0afa21c
f01bdbede64545feb1ce1038f380a72f,b0fa68deeceb402684f692d3913cd6a5
a0b91bd35f014d5599f443bfb15d22e8,333194518d3e467f9997377243e0830e
5c6d623c2db74c4eb595436cccd8c49e,785ba84465494052860f8e3689b10e6d
e7f0b9d318624dc48c9971f770b2d25f,59b6f862ed1b4247a610f162a6d8f2c4
150fb66bae19485688fe07d8c48d1f6d,ce9869e2aaee42c6a17ddcfe749ee775
7d64fa44607f4d70bd44e4a610dd24b9,4b2dcabd64ca4a139d7a48adc2c36186
5cd0f61cbc5748619328342dc6624b9b,2bc8b15fa5ab47dfaf158677f2d0e5de
e39a8d60a56844d695e9579bce8f0335,54742d6c5d704efa8f0814456453573a
156b57c1570a48bc97f84c4aabb14dfe,328ea95d5a0c4c78bff6ee3c8d9387ab
1bc30b723612425eabf0ed0266b6b984,1116d55507d748a685e5fdc3a3532a2c
23637e5ad68f460ba84dda342ccc75ba,5b8878fd34ca4ebcb7da403f9aa33946
f0db8cb50b92415a86ef9413fe97cf04,c4b4dc6c635b4dfb896e88b77ac83140
8e31703e4f854276bbb8f037f5ff027e,09ffb5c6819d4cd1ba6df88ce469358a
b099a1e00e3542bf8aa7de94df50c92b,9cc4a67b767e4db892d43a3ca1a9bec9
b13cb1d61981438896c785a579998c08,04a73db20a234ace8b6c5dc6d73c9e34
fdad0ed4534f48d5be333768a7df07a4,8c125a20be704d348a10c32277573b72
024aea97fe4f453abb4abef16be7428a,8585a953c8a849df9926f7386de2b516
e4cef191b6c440b7ab7671ed42ecaa4b,56058bfef0a242c6a05048a2358ff448
270d986557f5430886f129521871fd98,c2d4e3720f954171964f74d8a50761ad
bfbb8510e6d54c709953fc9515a522a0,c4a38e908ae1478a9be16f0f3e9473c1
23817fe7552d4c3584dc7de5425cbf80,167c746959b34a688a37e8dfe95dac3b
880dd4710aa141d2a93c51fb10cbad57,2ce94f10379247a9a4f9ac929249feab
82a31b3ccfd64c7696dd76691b924c0b,6ff2469b811f4264932e8ccead4a7a3a
8e4c3216d75d415da1eedf6f42d492fc,852b4ff5d7324db5950dde176ef33263
f9eb29a71be14156ad6752fcac3a74c3,538d902d11c7406a8496428ca59bce28
520d749ce0f1461da755a15f07a71cf0,d0d202a14dd94832bbf16e425404aadf
14b3512a01534d70a625d556a575aacc,0ee0e8d9cbf246e592bfc71e95e9774a
9cf241bcba68432cb6da9b0465ca7069,e816687380224ae3950cff8f655f74f8
2ebde320877a4bb3a37c94e27179c665,9f8ca7f2bbb0496ca7b5bcc4d039e456
6a1053bacb41428c96fa42ccc0ec8c09,faf29bf1769b409ca27c985cd90d2cd6
8519906664614095add490a301fbe365,5debdfe378474c238d00c3c36e2160be
8d9e7d7762b84a34a8238571848675e2,2997c0cc9cf74c9eb856270085d65c1f
ef71eeb0252142b3987566faa6d3dbd2,ab6720a4ecbb40b0b422cd48ab0f68fd
289853dee86447f09471b53a5e7404c3,929db6becad144728c6d970abb0c9c5b
e93b2da46f4146a4b0ed7a87b972043b,a1f6c7b367f44a12a5bfc51a57dda897
074fcbf9504043b3a5a1dd3b25549126,c4ec0322107e4a70bc13f04849b2ea9b
02ca37eac65e4f549f0bb456d18720b1,5f514fb6acc645b7ad66981037ea71ea
04f09e2c73e94cf992f053f82082a7f2,9c43930d97d0404ea785c059f48300a8
4f0ea68026fa45669a62167719ca56e9,74ffa3d5174649cd9076fa720b019640
325e275ed0664738976450af82ffd0d5,deb74e9a088645b3a76519d945506390
72d8c119bd27448a97584b96ee8cc40a,3ab3bd5f5fa240e5ade5eda0811ac4be
55d76e70156746f1b6c5e301326e6d38,147a4bf0586b40f7b0c8d894e73be43b
211d069e370d420482e3ef74acf64e60,088dde2b23b145ff98962753c8a6bd2f
cf4aba478fa24430ad525d8dd34b34cd,dae49efc33af4ccc96a51bb6d26d5595
af6f6ba1f36c4df2bb01edc9617fa39f,389e067680f24f0fa5645f89620607b0
0c24709e31e24efbba27406c1ebdb51d,acf454cf7070433c9292439327534f49
b18df5d371644d3eb3bbafeaf81a462e,838332bd7cb14ef2979c8952c81315b4
c15e4a198cdb4587a0d2b1a994e19907,84bcb17aa4f043cf9d73c620a442ab42
ce95e57ee69a408d8f6b817dd7a8bb10,4bb98bc9c7984355b88d9cfa302994f5
c980a74276644147b56cea495f5868cb,3d9a79cb9cbd442d9bd9f2349fd35c4b
609f2e6d90174d95b57692601a7b03ef,1179f98f053746ebac461b44871d144f
2c9a6dfda83c44a9a19fb3c6b1a4ffb8,6f0b470565e64cb586111ef21ca52122
a0fa448d85ce4c5897df55731212fe66,b495ef8996114121a69a5df26c340872
9943e4de10304d6d80ae3ae50b0f126d,fcf30ee625ce4c6099262ae8bcbaa2da
7c5a7e264b6e4c1aa1c5faee3f1b64f6,13f82afc952f4b62a8447ef5b231fd18
fe4c5e9c9b5c457899fb9879dd9be0d3,be5b31a80e684923a7d0da2c8f77d6eb
b6bfecad590b4a5fb43f6280a6d642a3,06186969d5c1439aa0fa31609303a2d1
28ee87e880d64f67bdc92f3776d2cb6e,edbe68ef575e4ae6854b9a2447a04742
aacb82fb9b0d4c119476bebe4f8c26c6,865bdc0b3bca45e2886d492a49e26b81
b014ba131cf447208d5dbccfb9412c6f,2fcbd1b3b3dc47918a4f5b9602bf3a9f
0c66fb13498a4251a06cacac397de9af,af1616db43dc40c2b64b4a282fd1e722
395811a0901346709edb5276167346db,636f036d27ec43a288729cb41b2ba1c0
026ff41a029c41cfaf22206209a9f852,37270204685d4fc5aeeda3045ec7ec42
cf4ae5af265844ad8f4239ff230bdec8,3c58bf8c32714fff934d7c5e22d0d367
37712b9d9dd442d580d6d9d819b824dc,e617833006b140e7860232575d942750
0cfb4aac35764b04b05cf1eb3201608f,8d909733ce4b40e8aff2a9bca921bfa9
71b9784ef157444ea239052616855a92,aebc1433393043bf9b5a2dca8b8fe807
9b4f9b4b763c4ce2a89e2135fa88fa25,adf16f67dadd42fd9c381d6a17fd9cc0
c37d9328a3aa463895c403461ae49841,9f4a18305be642adbb20c7e9109b5ffe
510a473e3658426295005e48f5426b86,fd4b1725fc054a7e999a849cbcab00af
d1a5d702254b425ca1ea028a0066ae20,30258ec7f1b34ec4a96be76127878096
521c184dc11c4d43be0b019f6e026af1,103d255a17db49b19c692693351092ed
3dab4d1d21e7494c9edaf867e8fb5f39,d7678e576081474c9d75bae5f18c5997
03dd75810bb1433fadb74a28e87e8366,561dac8f3ffe4e06a2cc0b380e277401
384438211df34e25b866a4689ac3a17d,6e12509a81474191bc21b04aecf1f4b6
a634df97d3b249d2b05d664a9ddb3c6c,6f0e18afa91641479b4b15202b298b2b
4e0f2c167652461fa05f3d23b3d0897a,b5d378d4647144698e039350e31856ca
214a1c14a57a49159bbd4eab6efcd1ce,139f44d38e8f4a9ba9c5be5b3c5530a7
9c2eda7f51ef482e95056ec0673128a1,888a413078a34676b2bf047e685a50d8
93d1358b9cb94ec5a01351a6ba9b4c24,bce70b8bb33a4b6b80504e6e00e7a114
a9a95c05e3a04fe6a400671a732f03fa,68f49cb5a6bb416595018b75b1f6cac3
86e0de99ec724802a3e474d552f4eada,bd393970581f40edb6475c3531a73d33
0c9e99ea0f8c42719669265346c0cfec,70c8a14ece4a4f639fb38261ae8e5c82
a072401738974bd8a907e690728e8bf6,f254bbda43eb42fc8762b0805eecf2c5
84109d28a65e49e1806763f465e2eeec,913fd51fe90c493eb4bd121a2d0340eb
8d49019f2ca3497fa8437c0c745f667c,5960d67cb5514cfc99590092c669e9d9
f773c87203144906b776be3f41dfe24b,a526fe4ef9364b00811b7866bf93f0f6
953959d267754a1d8588ef0c794c9a45,5ee331ee51144f2e94e90ba531e18a53
4cb5d2cf92bd408293a1d144267f758a,1162cec1af6d4fca9155b96e2625054c
d1e0eac8695b4139aa29acb281fb96e2,826d0cadbab14d0c90424537dc360a1e
7554a8c12a54467aba5d80a3befce478,feb7671471784174b4c6096f19c774e5
67b4ddd388c2407d9bcdf3bc0f643b55,bc2b4930cc75469e87a79c2bde559d6f
8fc3532d430a4523969c2f7567555d8b,7a8f0e49f54d43b6aa1c99f3405ff03a
1c404096f57a4063960b78dfe0664115,0150e3fd968147e8a7b95cf15b7f5277
580b4353b1b34b588de08fec0aa6c8c4,9146c4dd6f1343f0a90e56ec0308838c
c44b4deeadb44197817438683ee9bcf1,cb1b3041d7824a9c8160b9d82e8b94b7
741eb3db334b4bc6b24a3fc7fd261e2e,f6b24a0de31048a18ebe15184849dc2e
97df9808b85b46db948b06a1fdfdc8b8,9699f0f629fa4a81aba068faf9792c6d
9acf9dc871914975b0f31f00fa3befa3,4a51cd3564a842dea3bbbd9edfb83588
2027dacf76e14b629d59f683ed1808d9,91f3c9cf59644b4ba8c23aa9fa92fa9d
fbc15ae58c0247d6b25283cf81e30816,d128cd5e45074f68afb352fb2db60f23
ff50325565594b6196271be164b911bf,7fc5fa94cbff4f8a9a1a2517896b1e91
cf1b4c84a6e448a492a421ee8d2a5ca4,d7767bd43d294ccb83b1b16204edf062
61161242edca4148b26e8ec17322138f,3d1e67e2dbac4ae28f55924d2b626607
28642f12575c4fc5b4f857b50e0526cf,0922a4e1257849db86ce99374226e97c
35011d3e0a9649d196b3907baf104b35,1278eb12c4394c48bd3a82bdef16f8a1
ae7fab2c9dc543349e9675e6d1447c7a,2407b1c9c56e4c75b911d848d8fdf8b5
a6d460ae13d74df8b52e6a628b312f8e,80ed4faa0a5c4236be7ee9bed2e9519b
348d99ce32cf451f9f7a136e453c2beb,aa8c9f55fc6c4871b1e7c128af957e3d
8cbb6f64c6974bbfbcaa207b291b8a3c,400de2d1bb714ff8bed253201080321c
6aab1765cad44502aea3225e0d65b5d9,eacace27768246118449e4a85206e626
34b9c5b201ad46bbb46712d5a19eb8b6,e5178316a15c47c8b65ac1ee0dd21faa
d95b3d1840834a3b8d6fe7d0bb7a6dd7,cdd405369b0344448566df4351432516
4c78b9b40d9c40de984481361b72d8e3,799f31d2404f4db9aa186d7fbfa061fb
6c4bb4b20224443da6919c35ca2935f0,a6e687fb4a94494fa45fd6aa0511d8f6
dcad68435de24c338d0b580f85caa171,437a8755f71b4b07bcf9d690cbe868bd
35358e52527a40889537daf38e5d7edc,87343659afca4706995540214c31f98e
23ea5dbbe49d43369de1c7586a76b1d0,3b72bc7b71bb4e87afb48aea54e35cd6
cf8f495604fe40b9bef8ceee6cb66f54,236caf0cb926403e9e3551c39cc65121
4788647fcf0a4b169b1ebc6eb83ba703,1258067855904f30abde3aa9f5a635b3
1945e9a121f6415fb397c7f99a6c3e85,3e6866c3f0d24b7ca080d3ad731ffecc
afb5ff05fffb4d59babebce887945d38,0bd4f43f3cb1479c86946cdd8677a6a0
260e0748afbd436799a00ca4ec7607ca,ab09590298af4c418fb110a83a400dac
39cf917edcff42918dffd597c923fc53,e30cb48784854b8a848b65949c181aa8
70ab59d39901406cb1e2a8616ef96171,85188f59078c4ec7ab440ed645e25796
4929f459c62c470880509b6f81f6de34,8b89447e816043dca56ae29a24d77cc4
af707827a87140c99706ff71d2c9d57a,aa046bebf13a48128f4b67da149b37da
ef6ec4312bbf4d239bf54521b614b30b,9c6a3e006015445381ff56a831f07ed0
f5efbca7f22a4f4db8c5271229e4875f,ccedee4dc19141619a549c4af2fb4298
277c5b7d274441a380aa6ebd0ed6c5c9,c39642a014cf424ab180b8b445687e1c
33e68392788d412fb6bd6913b103c34f,ea6ea57d769b416baee7b8dbf1fe11c4
944683229817445db807b020c84f684b,18d1265b4cbc4144a78bdd0151413d89
9aafb2a5a6244d9bbb037287445729aa,6d2632dc4c46496981591108ce58699e
165219f50ed6437aa4af304ce43e2bd0,04a84c51b0ae4e79ba455c097b3dbef7
ccd9ce3883ec4f969553c5abaeff85c5,1fc5921b46ad44379d6b6437ca142ca3
8a88edca47044f93a37d83e955db9e7f,1acb11cb1c4744c9b5999fa3ccded646
77d53fea754c4b638473e3d69abde7b8,1602bb7c01284682b10b130969b131bb
4e802e6736324e2e9664df51cb62ae62,9e7cd2adda3847dc9f06636d2bb07eda
9285c127c10449a98e0fa4a9bb09de7c,05f8dd3d06894eaebcb3e6d744289de4
e931e7d3666b45119783adadf804a29e,931d77549d094b4e93e8adebec9ef324
33ee26069f75486ebdd654ac83e54040,4f21c606bf9e4a3fa0f8b45386b205b9
2f27732c8b584bd19584a2d052471cc4,9f5496612c6445538a7d7593b67439a2
07312089d7ed4058bffde0165dddc48a,1f27f7525d8048e5815b2b3b6308d555
003b35fda730461dac633e72b77450a0,772aa3cc905743ff8543088b232c37ab
25e72d20cb924465a16d918fbfa98c45,f888278241344d8185a5d45d3517c38a
deab3e1ee74e47b88d588c1dede2688e,16a2391e23c745a7a150090f57ee67d2
bf912a73720c4d8989bc96334635a400,99cf25803bd44960bb870cf7a821c479
14ef43b2f4874e17a94271132f48e3e6,9b6f70e3d4a341b3a6355c6ffde560e6
8d15fbb8143d4a329faa7073bec30092,2e42d6d10e2043a1ad3c30d668ef847e
ccf25ea4a01c40e08bad3b68585b9988,2635212551db48a3bc9d659ed2ec6a2b
72533819bdc24201a8aec73f730c8d33,ef22f2be610c408fb067b360e6ea7f5c
0e11bf96ee0a4323ae27e51eb9ac8530,de93ae989d084557928ea8a4b4c85a34
06ec3b3aa13d4f07843693a76da1bbc3,418c75510e9a47c5886634d6a25e42a4
e5b7f5872477447ea70f3b1a5f901ba8,307e723c64c747f2bc5dbbc227af1295
6f9028a2b52f414e8f6fb79868d6808b,f2a47088f8cd4bed882c5ce60c817ca0
66c702d648294ac28b0fc330534003fc,309a582ba49c4875b62b9457326f370e
9ecb0aaa9c894a29b819dde5bdc67e51,4672b7be548a438197fabca8bc2868c3
25be5b89a68b4ad9958a2a841fa8feee,3d995415a947458d895962fbebed3679
600273dd47754760843ab623dffadab2,e6dd692e780f4cd5a6ad49be9d8c5d5e
ed2391a553434d6d89b24982240891c6,dc5ccc780b8443b19ccdce920f9c10e8
f862531e78584dfb8eeff43a83dc9f00,3782fb714cc54659b6717956cd7550b3
8be1275a531b44b093ef743972a2ef14,420c52a2d2e349f397e4ac7b510d9bd5
f8bde09121c1489d8b6a23f0b4835ebf,a2b9b695c4ae4385b7d70c6adadafbb8
2b376e15f1aa46d2bea34d7b439abf4b,3440875a2e484cc697f3ae0d4b257bfa
7a315dd82c5b4c469937c1fbc2fb8148,29b2e66d981940188119abe945b77250
c79258196f3948baa8ad5b7db75aa8eb,9886aaf2480f49e4aa25e741e1a7f8dc
8d98b412b6bc4c78b6f56ca07ea16c65,d8ba0ac865ee4077a2900d1238817b93
bec55857caba400c8a4caf3a732af800,fe7981d60b7744d2945296c7c7d1460e
f0b07ed66f6e4fddb3c5653fb6ada931,06487187805c455dacbc11731b2d8627
38aca0cb846d4e91bcf5da0e471e0b2e,0e283eec9ab44a889dfc7560f39a1993
df86056f3a394555832b015bfe9892bb,7cf4f5b80bb14ca48a03185c61c1a1cc
ae672995f5f74d8c996f1a1d9bd8c413,43a4004ca72e4dc29e2bfb9bb2908f36
af82d918d6344ff7a29b1cf744b6ca41,25a234fd04c4432c80f9542a98e72fbb
750124cefee3487caad3f1f305da2947,2665d95b50c74c9c871459a1d510e5ca
c489e10f146f42899ef1784db264084b,36ce1ba6708e4ac3bdbccdd2b3fd8c24
060c09383d23486a8b76d8193ca8d5aa,a1aa8dbf8e8f42898978cea7c2f78556
78108b5693884101a880d51c12c990ec,71a57872613a4246baa6c7019e33d8d7
9cc0f61e3abf49c98c8f654d95c3524e,c8cf19d28df247c89dc197fbe1f1fa75
d51ac7a53d414c9f920a8d5ad5614696,860dfbc7ddf3441d8fe7bd9867172f6d
34cec94dc8f04f638f949c5a04b64c22,c980fac2e32041fe9863c11852925f62
880f64f5d04b4690b2b50b49f7ca39cb,7bf6b0112f2f41a78766ed00932e49f4
3f6e8e1737674754b414b079a1f287ab,fffdfd31168345f2933ceed4bebf71c4
e246fefdf7064ca88507b8c9d0f2e963,4eb637789b9f4ad4977f6c912fc32c15
b55c07272f1f42249259814782362bfd,ce947c2a60ad45a8accad61719489fcd
f586438c47714c0e8a295b3276353c1e,071a2f731d5e45d9b5e11caa516cbe0a
ccac1466d0fe41d5b67bf4a22b88c661,357cecce33534e889d3cc599416139b5
0447af3286434e37a5b454a8e86b25ba,e4cd90b79cb84cbb8f8d220ea43467c6
da5d1876fdab4512b1e6897c9edc4ac0,85eae288cb9347d79f5a929fb4471ce5
6a2013cf7787425bb955adff0a6bcdfb,d3d50ce9205747708fb33a99bcd18fd2
a3f0b8889f01460abe435b153b0966ff,0b454358906c4bca9e3761f5aef75c10
916c9ed3b9654859af35e6f752065653,a800e65f0f784890a889cd114f7567c0
0598f6b3b3824bad99ae7eafcf7b2958,0cf4660dad2e4628833f20968362d8fc
7c5c184fcd6e45fb8c221df17aac4e4f,4163261c6ea7435d904091135b532c19
3586949c6b244be4bddbabf90daa4c47,45712d5b54f0451083d902e26407a22c
51608f420d7e4a71a0c76fac894e05f7,72aef04bf343446eb64f6e8ca999c7b0
1445e6ea30464b0db991968330736711,e99f7dc45a44410da4351df6d629e7c7
7c8c254ebc4a43d2871fdc07c513b73c,cd812801e0994eea9d7e92b9e061b863
2982f92041a4448e95ac86285bc7b1c8,9368f7e516a3452a9aff44db6412df56
d6fad8f171c946c9859e09bebb73d9cf,6bce43402708419b8b7d5dc439a1028d
6886e56f2a8140039af66351c853c220,2a499c1a8b8d4512bf0b7460c90bdbc0
185c4693d2d14adeac662ff0ca871e8e,3a024be641624114b455eaae5067651b
fc6eed80cfae41df975db194e99ca5b0,d8a20119a09c4423a7f9be9b9e1133ec
f5b51dba42344e999ae37f18f8784abb,3c8921fc16f2466aa16642e95d09def4
812845699d714c05adacb0907e3c2300,6ed8f00a79ed4d95a71c6e043dea77d0
e416223376ae42f6a2d68210c56cf8c0,1e137ad3f7a042e985856905e617c9c7
4a0fff8868b141478ecbcd695271d82b,5f9001ea793e40918a71d03ebc00cd24
0005f0edae9d469daf51364777dcf824,c65652dc7eeb4c40998c1b089e4971f9
164fb80dc904420b93f28a3bb51b7333,e29c1f266fc54a5882ccd85523c01c08
c364f95792ec4f1c829f1de0648f629c,0e7215347e484341b8b862289ed7445d
b764d11221db4b4eb3f0778666ba7f64,6a5adaf75bcc47fd86830d8833f4b64c
952bf0012bd844c9a1474cc19d5d6d4a,9673aefe314249ecae2268ea027efdf7
24901df63847485189bac7e81564da28,634b79242b564774aa270a1bc9e45fed
2676e9ed96344a348b76cac69f854c43,7b23e98024224140873c15c16cb9e674
3f927d41a7a347348f178c43a0fddac7,f77ae1f87996438bb90482f8abb73fac
9882e5746cc64e38a898a97735284f7f,1985f1cea495432cb91dbdac73cd0aee
554fc8145bda44d88d470017df4b747d,1a1bf8eb1b164c32a020d3dd0bbfc9eb
ef8195dce9414efc97157fd52f2070ff,1acc3c18bf9149eeaafde420c7d911e3
d2c8fe216b81444091cf266c72fa7ff6,aee713523d664c478adff6c5798bba5a
5fa0565b8ac544e594bc3ee378202748,58113650f7f04d6685248072bb803a2b
7010bd40d03c4ace8effa99ca8d77d0c,983930b2bad44b53bf7621dcf61603bd
79b2291d44fd4327b2c6b48721169ce1,73a22a78ab2c484588a5bb9f6a749ada
1baade1ef18b4b74845b8c486b9c46de,da43220155b94bfabed5330d5f6e7bf0
9477b56bb4b84f7daa519b9aeb2d708d,fa74868923074d3c84f44115a9295e9b
7bb50b5d9dcf4e53ad311d66136ae00f,8a26a55a78b947059da4e8c36709a828
27ae34257f8b47b5a1d03f85fcab2c6f,d74796b6e4584f5ea777985ed1bafb1f
0e1ffef0de9844888c71fe4b269ed823,e12cac82baed4bc09f275c34b8596c02
d6df6ec1988e446e8f5b676786ae50cd,01934a2de079468280f04dc8d6e393b1
dd40f8c8ed8240f6b95cce0962ec850a,286da48a3fa941cd83be9bb4e7bc4b71
a0fd2f0d4a9c42e1b0a8fb5673440f50,ed5ac349a1f04f7e94908ee0f7cd4c51
d8e7d7cc35b241f1950d35dcbfe0f1c3,22eee84bbb714f529489922c90d9c84f
fe75b4450c084550a02e6ef14b005ab3,d2ae41bdfdf44aa9980b63117e944b72
2a45b6b0714a4d03878e6f331fa95b1a,ba2d1f65f441497aafeed4e26699780b
8d0f53cf93024c4a8214b1a1b8e9b483,9d3afd8367814c2ca6bbf7203a615801
c415eb92d047485caa3e10d9ca2d2888,9e2ffe4c780d4ef3a40ac65cc9a9d6a8
11cac4cc342a45438af5592370bee491,046ace7be5cd4716a7d329e648d315dc
c7572f2974e14fd1bcfd73d4c2e85c35,c07c572d64124929a1fdd78a571956f1
5a61bdd1ed884acda910ae65051d4623,73a44214c779410ea2e4c78b2c5d6312
5d3ea4f4b12642089e6c9f6c28db0e08,d1ac0e075bd84d45a8293774af848f75
846384dbdc1e440399b7e3792df69f8c,825854c9b8914baba19aff63a767894b
d91f6a85290b4055bb436ec142a2803e,0ef810afb6c14e8b9dd06e0c7b4d6ddb
689ff0af592c4295a24676cd12dae3ba,2100ee6777d34fd9828fa30f98a262e4
b1cb2a88294b4e93bdbe04c4746efbe1,830f34adb115455eb0600c29b9be3d09
eba7f6f12f264daeb122b0816cd0e1e7,976f1b1954be48539cf9f0f219962799
288310daff8340539ba9872dca0d3e16,373278c07d744a48b2083e7ae1f5a371
1ad140a79ee44edd8f72602e6134eec5,5c6ddfb9cf424e13bb1f91a565a39cca
9c8d752c02c4497194eeec8abbae2f65,8debbacbcfb64658864adc197fb7bd82
f97a93cfce47453a98f25c16c283ad4c,90991505589547548179934d72fe4e53
c3cd264f4869470e874697a91e8778ac,585fbeaeaa7b4724ae0fa4f90d54e8e3
379d5522145d43dea07d63df22e07cc5,eff4461cceca4d5382e8bae97b0b67aa
448389185435446580d1fe23246a2cdb,2a2b3bc522ad4562874e3a99b3053bb8
25f6cee481994102bddd08e08a8a1245,b67c142cb98145a68ebe80e37b7498a3
113ca66e40544459a5aedaedc0eb5238,dea55756835a4f22810a2521076e1c73
b043ffce0fd746c79c71611671c4213f,e736bdb8decd4602a3decdef59531207
1c70f3def480459b92d3c75ddc42d6ca,0d961c2998864f429ed7269561bf1934
834861ec9e0f4b9a8db97450f0e3b21b,162798398761400993383fc9d25a5e42
8245d64472c64826be6a8a6696c5a411,90deccdae97d48709c0576a3727e5cd7
894ed6d0af9c45b1aaf5cf82dc9ee078,6780cd3d376a4d31a0f17733a384af21
edf4bb537edf4182872883046a58e666,4093f2426d22425aa402aaf92a349f6d
541da512c6a2403298a643d813f7c96c,da4168c61fc446e2b50cc7d72ae57a97
bbd4e81572d84928a4027234c2139d36,9fb5202a8a9147b2937b0c1d71d1a71a
12430042fd014334aefe3bec4dd7e149,c2bf0363bf8e4dfca4600b494617610e
23fb08bb03a64d78b9c915ff071b04fe,043cd96fae3a4f50a67e72272df92cfa
7559f06f38e248b9b9e6a9b8888e1b25,2a8516dd0f744388aaa211456d388c42
ec7e78dfdcb448e19e3f084f46f8911f,352572dab5444cd9916f1c6721fd9cdc
f44cad7b931746bfa5628dad3c8cf2b4,842795c9eb1c4c2fa5cf88047b83206a
49ea55316cfe4fd29a08d15f61edd1ae,dc735b20cdf74280b6e78da01692fbad
4bd6dbe27abf4392be7f871dbc7b9172,91269150a319401a87d0fa8c21ef05e3
df896a37cce4407bb325bff883ad5f17,e7cb403bbdf743ddab3dd05510720639
9d36fdffbfa74c63b8253ffd73d15ee0,8dc6c988e5574855b58fe47d3825fd88
8890feceb2ca4fd1b60283f0ea9f35fe,ea684c1fcf8a4cb5bf3e3f0bb46afe12
3d25f5af56314765bf1fe94a90474daf,09bf46b58ee146a6adc9ad2e10c34a13
9d7d09e14be6497482774825d1f7eeda,2526d1238abe4758a9283c788bdb0967
6a0c46e7c60d45998ff5872118fd94db,3b6005dfcfc84750ac755a3ce5683b28
5198ba86752b4536bea96b5afeed2168,767b8fda2c2b4bd689b8365faf150e5a
a088ba0d3f06457e8af762dc349b0c1c,4f11a9f94c784884ba7a1309352021ed
3056461f72444132ad50ca702614a859,e8e16fc490d7461b96b6640346a7da77
efbaf45284264930ac3ad40092b0f0d6,3a92442183634803a84a775e21563901
f6718c8fe3854dd9aeeef139abdd8add,4d7816ab696b44a39a40fb5945c68501
307bf553dc894e46ac7b68ef26d22133,2bb93be71b434f4bb9bf0b591a7a4ecb
6621e651e8094eb9a1aa3d1f23801cc9,fa900ebdda4a49bab762643f0b59eb3b
eb3d100ea633488190e9c21401c4da1d,459594153ff14aea833ab525ccb55372
3d4d314bcd4d40bf9695dbc29f04defc,03cc1f84f113413f8bcfe66df337607a
deff0a1244f54961b03f4eefee08dc10,eaa6b4ed02d5444cbec8a72a604bb31b
2568b834c37a4fcdab01dfb23857e18e,1a69cb0cd8a643d0b5816cc5d031c61f
58f482ec28ce4405abc038d9d7dcf92b,d14e51bb68a94741b9bbf9838b25ebd1
635b66ecf45f4a789de767ebbc387c7f,0e231f0e97c94356aff705846a45abaf
6010280da107479285abb639c0bf82c7,3b8bb63c329f4423be76d64d75376859
da737ede3bec4fd59d5560e0c5f569c2,9fcc4255883742aab6b60df8c48a977d
2ef323e190a4472fbc853e0a6a93b55a,dbb5a6f279ef46dba3e4e4e60f510b08
63a896ef14b9488fbb3a9a5b3e8b4c06,52be60b0c88346e08a012de6fc2ea814
4f01b6719b0f4d6192ec07990a3fd9e8,667cdf8fe07e407ab4c7469d1710be54
391ebabea2704a3186921b43300dcddc,7812c5e151ef458c813899a32fedc8e4
ad4d972daa5d4d6fb03ce98c8f12ba2c,ce1b609917a4437e886e0b40022b5334
af6467329dd647dcb75664ff2285d57f,533dc436fa874bafab481923bdc013ad
a944cf20c5584a379ec246f75437b666,5e9e0b7c2d6149d98fb53cd1d99bf30d
fa8a6e7ba06544a38e55213475924b73,dbfabb7736464ec7b0e6fca0419a303a
2464656cc06b41fb9680d0b7596319cb,074f7639333342b3a3ab33f9020ef0b8
bfbc29570ddf444292a4933dcf96c977,9c99cb4dd7674b94bc22a4a5ff8a35f7
7c48b80c59e441218b18e6b331303112,acad27bd58494f0cbc722c3d6eaaef2a
bbdd8e319ff347be9013a93e9bc1474f,b0a593c100a04c8ea73ee29ed3de357e
8db9a9c02eb34e29a3125ea4b7cd68cc,f9d994eac2db405894e1e6ebb8171fbc
b59cbcc6735a469ea606e07115834b21,ccc49dcc5597499b8aa3edcf9780f106
a54516be507b4fdd9d5d9c25ad052951,889caf854d7d41c6997cc2234b24c0f0
30fa7469aea645328e01beed0eba08ef,c30e730a5a2b45b7afcc33c0440f7ce4
f707a2ec3d3643329726d4845ae8817c,f7edf33f2996496a9f808c24901f5b91
50ad8dd9a2cf4a73b1877e64b0c9b0e0,25984000baf143a6ac927aee20d4ef71
b944caf474c94bd2aeeeb4be1babe37b,c65399ce08ea41cc9af35b3aee4d843a
d968bd13688f4bb6a2b0303b57c0e35b,0699d0d8e7b34758ae8f2bfbbf233b8d
cc78a9405b1a4de0ac7d33874d262e32,f5e0ae344fe8482eb19ba353ff3f37a6
251de104ea93432aa446b9078af6c2ad,78fcb072f77444e6a1d526265f9fb721
7e99c911c6c5433cb2a92a1f68e72270,a750fd8c25a943a893a6e8c7f305a166
52872ac6c0d2460bbddca407319f779d,94d1421f008b49b99ec4443ab3c1e60f
a15e94161d8049a38683146e6de0d494,365fc894ea494ccebcf7f99662b9e807
a50f341ab8254e7ba925c69ce32c4841,a23b419a0d514f55ba5e30d632d5d004
9c1043a1c0f84d7babe177c8a608356a,2d484482cb404aaaa734723869206f50
7efe4cc9cf8f45af9d302556f8932adc,1707a1174def453880dcd67278218a21
22516ca7e4b8458b8abb3bf22476c6cc,31dd31ba84f74e628977fe481fd9872c
35f4085c58e649ec8c71d12462a5acdf,0344941c1cec4ad3b113a29f59ebb298
f36078dfb4e8470ab0e0bd4c2ca4c446,44a19fc84296433a96870f149f5a6dfa
b4165574106d44b79481522bbfaf0dbe,7dcbac4160394c89951af7f4980cc233
a49502036667438eb176c9eb5ae10634,1c99868a8c7b477e9efaf6601ea8d329
8f99d2ea426441e2b091a80334cbe728,15346edc13764ebcb5fbb2ca913b3890
498165d370fb4ff3a65666e59f9bce18,8c17be46f55447b0adceb191926ef6cc
7c65c603e55e455f900d005078626c30,44079b4c3b3d47b4a6564e70e5d6c379
83538f22a3aa40cc874c127bf921d280,39ac68a9388a42459ec939b49b886e3d
e016282b02164dcab2528dd061e431dc,e2c37e2ba0404d1a827b93fcd2ac723d
478624fa0d4d4e01a917afe4a4d4ba23,cb080217740a412e9ed4f5b07991a41c
1c51eb87fb8e48ecbc9528a21513fcef,34da336c7cb8430f9a5c4d2fe8f1d772
0e6fd000432c42bea306e0a1b3c8a5ac,4f1aa58524ac4052a1efaaf1d39a6261
3ebd204d9aa94883a11a74477cb44eb3,b9e9c07f75d34e4e8305c453c4940585
923b6176d7f24b41a81cc95e45670bef,94408e639d1842c1a20c7b56937a322b
a4b52bbed46b44b795ecb686e3351cc3,039c3cb859784350b4ad2a63c6904720
945f18ed276248e2a90a53bc62d66235,efd95f6e39af4f58976285f20026a80f
eb08846d83904265a5a036b9abf94e07,58e82120e0ab424d9e0eea42ee70d267
45aa5c298c06442998191444809fa6c6,e7c2198a2ef7497db35fd8f29b579a21
8e214330c0fb4437acd8e6eafeb550ab,c8763d737c0b41a9b77921924ee81841
9915cc5d539a4361899d01dbd1412254,29f352b01294453ea10f52a583129506
9e34f38ebad1421191bf50f4d4944fdd,7192c9ff34d24fc18ccb54e5d56e55d9
e0d4919e2dea43c1b2658c8f9c483cdd,47c0d5e1786a4ab98766536a50c5ee35
751cd405ce944203a8df0e26637c0b78,4c2360a45c354705bcb9820cc8827e64
327cf4d66cc54d999a4a43745ac7d644,50fa1ea4894b4a328004372e338885bb
65a3ab776b8249e89403a3b4aa82ad70,0adda9e1dfd44eee8e768e00afbf2a44
30595c0a8c7c4dfca5f5ff03f6c2ed45,b1b9beba768d4e03815bbe708f9738a3
b913b31723f948e3a3f49e96fc324d84,2fa4940f7937419a91160763b3c740b9
a241edab07f94719bba10fffa07ac13c,465d67c7bc3d4a5cb892b8bc3e4cedbd
5c18ef8de04a4f74bf4c45a80700eedb,0ecfaba2db1d4970ad45214b5078e7e8
e19977611b654e16974c94c37200e3c2,74e42bb9d448462c8e95434584c03d40
208c075d99c74ba581f483b2f5098550,07657825b01a4f889fd9729ca7ab99cf
0e9291bfd9024723983cbbca6bf44974,56258fa51c8d4d89aeab2e63d8c2879b
c1fb3bf02a42438d874029735a8bc6b6,0b69636ad8264af188aa341482bb0974
2444c019743547b8a3800b66268fd42b,f64221a621c44f069d43f409b8979d9d
50cec93fc4714454be9677b889d53342,e2c1dfbe5b384a9cbcad215a52b4ca3b
2aa1a4cd22d842d0b3ece7a74c577590,b76fbab7da624cabbf8634398223e72b
5e783e6486084be4a25fe597892be1bf,73715311409c41fdb9c9e7f657436788
79d34788926a47ecb71f6e415bb950d2,1f81cfde31904857a874bba2557c0cbe
53574d14f56e4c0491a1cd73afdd7695,f0bbc660a9a946e8b52a0543990a24a5
5fdeba19d2f84add86a74f332f243283,e017ba7031764d33b86a575ed5c00199
cb10257482b94d0682ff81745fe6da8f,416738325a18460e8a3dd57afcd76c88
db87015680bb4698b5c5d0816c099c24,af7a9c60427a4d5e949a7f764f49d943
770f280b6a954d5ea6b98c481fcc9e1c,c69aa313b5094ea8b212fdf3fd39f0ed
3ae7d3f924b041929e8faa418adfc017,3ddae7d267884fa1a5a7557cb3c9effb
4c2d82b0aef346b391a9d7adb175bdfa,afe5be170cb64d3eb192d3c5c8a1a6c5
081586a77e484082b27cc3c7c1c9d19b,32cfbcf85c5c498b8f82ebed4d04c65c
44116b3d0edc4054af2696177eb5d888,3369965c9f4c47c9b5879cf4b2be6c93
4bd452fbd9324b1795df4a7ad19e3a29,c10da7cd60f442b69534b578dbb68674
fc871f7c3b044a03bc2df18736889243,be0005d9ea664db283eb59cfdcb6058b
0c464b35a1a34938832d37dda4e63b7e,89a753ac8298478c933b69b46b75889a
28296d79c23a4ad896173e7bda427591,3129ffee4d024efd8fbe082074235251
1bea9fa2cdc840a381c6af6faa1c95ad,5e9501176b9049c3808edd3e04027256
bb7cb8c3267b474fb4a85841055df53d,1b0cc8b7f3114d8388f15557f0f45969
44abe671d96c49c78c10770879880ae4,06c6f70ead694f4c84724ca618d3e31e
450f999152614d5b89313ea4b97bc9cd,7a4332ca82f54f2faf6ab8220216c0b6
860279a15f1e4ad7bbfb9cdd2773be2f,491d04bfaba141459806a3ecb9308545
aa94cd4d6bc24c008674486fe150a2f7,390d3a7910524361bf7a03362472241f
